timestamp	commit	toffoli	clifford	qubits	ops	correct	notes
1780021974	fa473ea	3942753.000	22627118.169	2715	28677221	OK	
1780022568	935dc1f	3942753.000	22627118.169	2715	28677221	OK	
1780023874	935dc1f	3942753.000	22627118.169	2715	28677221	OK	
1780023900	935dc1f	3962753.000	22627113.285	2715	28697222	OK	
1780024119	935dc1f	3962753.000	22627113.285	2715	28697222	OK	
1780047641	750fdf9	3962753.000	22627113.285	2715	28697222	OK	
1780052385	196206e	3962753.000	22627113.285	2715	28697222	OK	
1782955002	ed34c00	3960133.000	22627123.597	2715	28694602	OK	
1782960999	ed34c00	3960133.000	22627123.597	2715	28694602	OK	
1782961485	ed34c00	3942753.000	22627118.169	2715	28677221	OK	
1782961599	ed34c00	3920501.000	22297458.348	2823	28308559	OK	
1782961685	ed34c00	4453088.000	20976051.395	2713	27512019	FAIL	 | PHASE GARBAGE: global_phase = 0x0000000400000000 across 64 live shots (must be 0)
1782961839	ed34c00	3942753.000	22627118.169	2715	28677221	OK	Removed dummy Toffolis
1782966864	784a2ad	3942753.000	22626087.226	2716	28676196	OK	
1782967183	784a2ad	3945571.000	22614441.921	2715	28665949	OK	
1782967280	784a2ad	4162900.000	23079984.059	2896	29327148	FAIL	 | PHASE GARBAGE: global_phase = 0x0000100000000000 across 64 live shots (must be 0)
1782967380	784a2ad	3960633.000	20339966.773	2715	27176791	OK	
1782967687	784a2ad	3926169.000	22538169.099	2711	28556141	OK	
1782967775	784a2ad	3862269.000	22197643.687	2711	28089551	FAIL	 | CLASSICAL MISMATCH shot 599: got (0x7df038e98ac31d343ab865716fc4295eb24d87fb98433c1d68cb9580e21bf4ef,0x40ea2cd1c27e690a5b0f1e335cbb2b90d7d64d5d28236c37ee771197d77c6dda) exp (0xb474735f83bbc84355250819eed64ce8c903ed82e2571f6ecb91831890bcb0cb,0x9f49ac1bfade47a8ed284359e63bb1d26783bee9f9dc520a58f3d5e72d0d572c)
1782967876	784a2ad	3905169.000	22425875.043	2711	28402811	FAIL	 | PHASE GARBAGE: global_phase = 0x0000000000000002 across 64 live shots (must be 0)
1782967956	784a2ad	3917805.000	22493413.064	2711	28495073	FAIL	 | PHASE GARBAGE: global_phase = 0x0000020000000000 across 64 live shots (must be 0)
1782968150	784a2ad	3926169.000	22538169.099	2711	28556141	OK	Hardcoded default DUMMY=0 and KAL_PAIR1_ITERS=400
1783004655	66ce719	3917805.000	22493410.807	2711	28495073	FAIL	 | PHASE GARBAGE: global_phase = 0x0000010000000000 across 64 live shots (must be 0)
1783004730	66ce719	3924796.000	22534777.862	2711	28537404	FAIL	 | PHASE GARBAGE: global_phase = 0x0000000000000004 across 64 live shots (must be 0)
1783004799	66ce719	3925892.000	22537482.604	2711	28552360	FAIL	 | CLASSICAL MISMATCH shot 937: got (0x9535e8c7c2ed847a162d4308f90e91d7eebb68172d21ed025299d74d7795e64e,0xc1d0a55706cde66854ae68371edc09b8f30feed10767287c2dcba1fa3b303809) exp (0x1c456464d32ec21266c5db11705eff499d1ff8273df57ceecfc28d2d9ebb91a4,0x571618c3c135b1c9c0208fe1dbb50216cb6c44c04893f7bd3c8c6afa4049de33)
1783004917	66ce719	3926169.000	22538169.099	2711	28556141	OK	
1783005201	91ea89d	4066101.000	22447772.342	2711	28710701	FAIL	 | CLASSICAL MISMATCH shot 4632: got (0xd9e9f23e5beb63f4ce4279c25e7bbd49211625585f9fb303e0defbe9644e4687,0x903d75aab6950b5edfc9d97c274959d2537bc3d80bb2c81dfa890f70ee1127eb) exp (0x5bf5e43e01582e0c3563a6df2897d3334a96e288f0b4a8f82780fe557b662579,0xb0afb0f4cc82a50a496c4ee946a587cc02f7648b2d3da7c22cf9306b33b12103)
1783005488	91ea89d	3921993.000	22515796.627	2711	28525651	OK	
1783005655	91ea89d	3921993.000	22515796.627	2711	28525651	OK	
1783006496	91ea89d	3917817.000	22493446.232	2710	28495161	FAIL	 | CLASSICAL MISMATCH shot 42: got (0xded47538cea62d30d7c13278de8c35036c8cce5542b68a293314b71d9e9b69de,0x72d462af5b768e11b79ef81ace6252675c135054a497541feab9126a1efb88c2) exp (0xaf4ed3f4f0c612ba4b4081a4c42f390fc0a1ef2bc8f57b199464b5519b45537b,0x823b273f36ef4827a92129830d27a72bbe7ea3ccf826b6832c6ffd380a0ff629)
1783007160	91ea89d	3965573.000	22956682.629	2711	29017357	OK	
1783008008	91ea89d	5699180.000	30945950.668	2711	41434932	OK	
1783009247	4a5d162	3921993.000	22515796.627	2711	28525651	OK	
1783009662	be58c4b	3986613.000	21993110.151	2710	28475728	FAIL	 | PHASE GARBAGE: global_phase = 0x0000020000000000 across 64 live shots (must be 0)
1783009736	be58c4b	3986613.000	21993110.151	2710	28475728	FAIL	 | PHASE GARBAGE: global_phase = 0x0000020000000000 across 64 live shots (must be 0)
1783010174	be58c4b	9769622.000	66283923.959	4505	81954186	OK	
1783010264	be58c4b	3917817.000	22493446.232	2710	28495161	FAIL	 | CLASSICAL MISMATCH shot 42: got (0xded47538cea62d30d7c13278de8c35036c8cce5542b68a293314b71d9e9b69de,0x72d462af5b768e11b79ef81ace6252675c135054a497541feab9126a1efb88c2) exp (0xaf4ed3f4f0c612ba4b4081a4c42f390fc0a1ef2bc8f57b199464b5519b45537b,0x823b273f36ef4827a92129830d27a72bbe7ea3ccf826b6832c6ffd380a0ff629)
1783012206	be58c4b	3908724.000	22379839.608	2708	28346373	FAIL	 | PHASE GARBAGE: global_phase = 0x0000400000000000 across 64 live shots (must be 0)
1783012273	be58c4b	3917088.000	22424602.501	2710	28407441	FAIL	 | PHASE GARBAGE: global_phase = 0x0000000080000000 across 64 live shots (must be 0)
1783012399	be58c4b	3917088.000	22424602.501	2710	28407441	FAIL	 | PHASE GARBAGE: global_phase = 0x0000000080000000 across 64 live shots (must be 0)
1783012456	be58c4b	3916789.000	22424571.992	2710	28407372	OK	
1783012516	be58c4b	3908425.000	22379804.225	2708	28346304	FAIL	 | PHASE GARBAGE: global_phase = 0x0000000000000100 across 64 live shots (must be 0)
1783013807	be58c4b	3912613.000	22402198.972	2709	28376882	OK	
1783014741	6c6c097	3912613.000	22402198.972	2709	28376882	OK	
1783014844	6c6c097	3912613.000	22402198.972	2709	28376882	OK	
1783014947	6c6c097	3912613.000	22402198.972	2709	28376882	OK	
1783015015	6c6c097	3912613.000	22402198.972	2709	28376882	OK	
1783015030	6c6c097	0.000	0.000	0	0	FAIL	 | load: ops.bin: length mismatch: got 92073984 expected 1589105408 for 28376882 ops
1783015113	6c6c097	3912613.000	22402198.972	2709	28376882	OK	
1783015150	6c6c097	3912613.000	22402198.972	2709	28376882	OK	
1783015192	6c6c097	4648685.000	24258558.227	2964	30928124	FAIL	 | CLASSICAL MISMATCH shot 186: got (0x10ebc8999e07f2e20bbb72b4175e8f264e96b71aa602e2e1f6a0afa79955b569,0xc4c512bac8e756c8befffdbed95fb184045bf126a5d9a873618e065630be5c26) exp (0x298b61fe150b74f7267ffa1fd930f05c5e36f9c835e4884fd4bac2167cdbb7f5,0x80e7836c2837e97bb991115352c29d164814222e67c163e14e4d269088c79b24)
1783015261	6c6c097	4110385.000	24338718.211	2964	30548024	OK	
1783015316	6c6c097	4050745.000	23083920.276	2964	29155560	FAIL	 | PHASE GARBAGE: global_phase = 0x0000000040000000 across 64 live shots (must be 0)
1783015372	6c6c097	4110385.000	24337947.053	2961	30547256	FAIL	 | PHASE GARBAGE: global_phase = 0x0000020000000000 across 64 live shots (must be 0)
1783015436	6c6c097	4050745.000	23083151.879	2873	29154792	FAIL	 | CLASSICAL MISMATCH shot 7986: got (0xf7bf32fd434df550d14227f057b28585d449be5edef56b084b00fb8c4a460aad,0x6949a87b436383ee0e5ed70ff8f66b28082d1de6afc347cd8c61b88b665bbf4d) exp (0x79a8647cdbc75c4fc3a495cac8b3db479f4f53f802ce87d64229e59f58ff2f0c,0xab7b17d3cf569cbb464866ec1b57926f9b62c2426a2f62524fbbbb0a1f077e1e)
1783015495	6c6c097	3912613.000	22402198.972	2709	28376882	OK	
1783015549	6c6c097	3912613.000	22401190.014	2709	28375857	OK	
1783015702	6c6c097	8123694.000	40182617.818	5589	51136324	FAIL	 | PHASE GARBAGE: global_phase = 0x0000000000000002 across 64 live shots (must be 0)
1783016265	6c6c097	3774913.000	22129218.212	2710	27966186	FAIL	 | CLASSICAL MISMATCH shot 32: got (0x74172ccbccf9880855c080e57edc72b7cee572962c7027036c8651b7b9416321,0x3fe64ab2c1cd13e6a9daabe1ab6a41a62cafab75412ca947d9037b9d25f69594) exp (0x496e8eaf6f7edc014361e7abb2145728b1d6bf78fb13cfb17a91cbeff66875d,0xdb6dd7f89dd6cf6fbb3c6eeff5612888ced99084a62edf5137806ba8b403165f)
1783016853	6c6c097	3774913.000	22129218.212	2710	27966186	FAIL	 | CLASSICAL MISMATCH shot 32: got (0x74172ccbccf9880855c080e57edc72b7cee572962c7027036c8651b7b9416321,0x3fe64ab2c1cd13e6a9daabe1ab6a41a62cafab75412ca947d9037b9d25f69594) exp (0x496e8eaf6f7edc014361e7abb2145728b1d6bf78fb13cfb17a91cbeff66875d,0xdb6dd7f89dd6cf6fbb3c6eeff5612888ced99084a62edf5137806ba8b403165f)
1783017112	6c6c097	3642823.000	21867335.082	2710	27572226	FAIL	 | CLASSICAL MISMATCH shot 6: got (0x672e3d472fcc6ced4192e0570f84fd15f27154ae6d717a133bfbb0759a5cb1e1,0x49b34b0366ed0fe2e7191a6cda21b2eb5c30acfbcb98b48dd6bdf83f99534f3c) exp (0xfc092d3711162c4bab72e06efa85b4ea6060a9071a649f355e8207be1557d22c,0x1004c678c4843fbe3d5eb160ce98fd033a12ebfba85b11a5e3a7c25f3e34cfc0)
1783017207	6c6c097	3649453.000	21880528.998	2710	27592038	FAIL	 | PHASE GARBAGE: global_phase = 0x2051c780e2959f1e across 64 live shots (must be 0)
1783017325	6c6c097	3649453.000	21880548.508	2710	27592038	FAIL	 | CLASSICAL MISMATCH shot 107: got (0x851638efdeaa16762ab02a7a204da19c3692673d2df95805842ec2532533a818,0x3f9a98e801a8b9a6a9ed4d58f1b248afb95c065751075ebd599460adca03bb97) exp (0x31a0dc1405a01101fee671ff9ba9ee0adb15d73cbedff6aab5b7b8596c4bae3f,0x35d7fede758d8c3c465c55546f2018b1aee1bdb0777a3fa694e8c8b84062c6e3)
1783017554	6c6c097	3649453.000	21880520.053	2710	27592038	OK	
1783017808	7db1f6d	3635627.000	21850887.475	2710	27501308	FAIL	 | PHASE GARBAGE: global_phase = 0x0040000000000000 across 64 live shots (must be 0)
1783018396	7db1f6d	3649453.000	21880520.053	2710	27592038	OK	
1783018820	7db1f6d	3649453.000	21880520.053	2710	27592038	OK	
1783018887	7db1f6d	3645265.000	21858134.958	2709	27561460	FAIL	 | PHASE GARBAGE: global_phase = 0x0000004000000000 across 64 live shots (must be 0)
1783018958	7db1f6d	3645265.000	21858128.990	2710	27561460	FAIL	 | CLASSICAL MISMATCH shot 636: got (0x15a467feabc9a308972cdf0ab507a2f3e56bf259c9f861199e6019e1069c8016,0xb4e3af21f9af1e50b0525a2340fbc5281fe749c10652850c342ea39f41c358d1) exp (0xbd1f4440ec6a634a1c00fa45a8606b3bdb1fdb61b0b556b5a5b855bed9147826,0x580947ce12efd849dd2d27e9e6cbc9e92741deecce3186a101e2af3bec3d3e29)
1783019082	7db1f6d	3637133.000	21854095.914	2710	27510966	OK	
1783019167	7db1f6d	3634133.000	21847694.256	2710	27491818	FAIL	 | PHASE GARBAGE: global_phase = 0x0000000000000080 across 64 live shots (must be 0)
1783019251	7db1f6d	3636380.000	21852486.157	2710	27506137	OK	
1783019318	7db1f6d	3635629.000	21850882.247	2710	27501336	OK	
1783019394	7db1f6d	3634880.000	21849279.039	2710	27496563	OK	
1783019517	7db1f6d	3634880.000	21849279.039	2710	27496563	OK	
1783020421	cd47cd1	3634880.000	21849279.039	2710	27496563	OK	
1783020646	cd47cd1	3632627.000	21844470.756	2710	27482160	FAIL	 | PHASE GARBAGE: global_phase = 0x4000000000000000 across 64 live shots (must be 0)
1783020786	cd47cd1	3630692.000	21826879.252	2709	27465985	FAIL	 | PHASE GARBAGE: global_phase = 0x0000000000000002 across 64 live shots (must be 0)
1783020893	cd47cd1	3630692.000	21826872.112	2710	27465985	OK	
1783021648	cd47cd1	3626492.000	21804407.887	2710	27435319	FAIL	 | PHASE GARBAGE: global_phase = 0xd800fb9c5ab86a5d across 64 live shots (must be 0)
1783023015	b59c464	3630692.000	21822437.789	2710	27461547	FAIL	 | CLASSICAL MISMATCH shot 6918: got (0x3f2725af572197dff5a32faf00d356bf091b6fb27b54376c0786a2dadc97a213,0x976305c85e104aebce21cdeaabd259e0e092d69c93077e8ae185be011be38fb) exp (0x3b1aa4a932ad1bcdf685b2fe73b05236b74dc2127fbf96c2a9f7392571dd54a5,0x43302b7312f30f489644900fd31c45fbd5749a8392c832bbf9c6e7bc785f44fb)
1783023112	b59c464	3630692.000	21826820.344	2710	27465945	OK	
1783024567	64dd826	3624758.000	21817661.275	2710	27466275	FAIL	 | PHASE GARBAGE: global_phase = 0x0008000000000000 across 64 live shots (must be 0)
1783024680	64dd826	3624680.000	21817669.667	2710	27466257	OK	
1783025253	b1f4052	3624680.000	21816629.985	2710	27465232	OK	
1783025373	b1f4052	3624680.000	21815613.400	2709	27464207	OK	
1783025550	b1f4052	3756262.000	22546980.373	2709	28392953	FAIL	 | CLASSICAL MISMATCH shot 7949: got (0x57e06fa35f5451f2590d183605f66bf9c4bdf65f46fc824f7d0276d6ad67c0af,0x67009ce6136c06d33d6230d61c10b02c6e2f3fd371da6f1115a4833a1dfc0bec) exp (0xdad733767338f11882cb256ccfc985d3feb45d6a2c616478f8c93adcd3ea4a0c,0x67009ce6136c06d33d6230d61c10b02c6e2f3fd371da6f1115a4833a1dfc0bec)
1783025645	b1f4052	3624680.000	21815613.400	2709	27464207	OK	
1783025935	b1f4052	3785192.000	21757388.906	2709	27676503	FAIL	 | CLASSICAL MISMATCH shot 4795: got (0xa9d8b19002edd6f1d7c69814cc4cfc6a7847ec26411218b79b6fbde79e5d5f85,0xae39686b875efe75d5fd4137a7132bec22d9f7d66b73e8b092c0d15f53fb5738) exp (0xcf2ff7b39b78f869cd35d3dfe2dbd487aa7ff18c7578c8244df1a891dc6ae7e0,0xae39686b875efe75d5fd4137a7132bec22d9f7d66b73e8b092c0d15f53fb5738)
1783026095	b1f4052	3762077.000	21726855.280	2709	27615967	OK	
1783026200	ae63b42	3624680.000	21815613.400	2709	27464207	OK	
1783027396	ae63b42	3815081.000	22388309.387	2873	28286831	FAIL	 | PHASE GARBAGE: global_phase = 0x0000000004000000 across 64 live shots (must be 0)
1783027516	ae63b42	3624680.000	21815613.400	2709	27464207	OK	
1783028584	b703670	3613724.000	21855628.373	2842	27492162	FAIL	 | CLASSICAL MISMATCH shot 0: got (0x184ea4b70245edb43acb46789410443b55688f617f13587faa86cc2297fb9218,0xf8a75060703cba3ab4bc7b5a79e7f78c8591139cc775304759eb98f953daee8f) exp (0x17f2cc242fa22b405df56b166f08ae6c9bd447bca7b13c85506c84634118f07a,0x4fd5aae143cc8552c0749390498583e0c977a61d41ca802864ad231f27afe2ea)
1783028696	b703670	3613724.000	20070345.361	2842	25348361	FAIL	 | CLASSICAL MISMATCH shot 0: got (0x3733c9c37aa59d5d297cef9afde5bcdecb5771d54c381e2f9b3832d8effe95cc,0x6aa396583a43d35c58ce4230bb46787bd60d6c7d48233a66fb6cfcb5f2518986) exp (0x627c78d89a14d2b72e8194480133d9d8c967b1e2998275b779bffaf48b0107cc,0x97d9d1ce6218333bac84b2221d25a262928258f8b535985f698e4e86f3760efe)
1783028778	b703670	3613724.000	21855628.373	2842	27492162	FAIL	 | CLASSICAL MISMATCH shot 0: got (0x184ea4b70245edb43acb46789410443b55688f617f13587faa86cc2297fb9218,0xf8a75060703cba3ab4bc7b5a79e7f78c8591139cc775304759eb98f953daee8f) exp (0x17f2cc242fa22b405df56b166f08ae6c9bd447bca7b13c85506c84634118f07a,0x4fd5aae143cc8552c0749390498583e0c977a61d41ca802864ad231f27afe2ea)
1783028865	b703670	3624680.000	21834137.222	2842	27481632	FAIL	 | CLASSICAL MISMATCH shot 0: got (0x6e9fa3b49b0edf14a1e7b47b3fc250bbacaf8f6fb920b44f8624d99bc836b579,0x35b95cb4f20e3dd87ceb0696f36cc17a985412be7e939c04e3b2656f769f250e) exp (0xb3f3192d490cb91de31a44594d5160d4d48933288e72825fc544822e09c9af55,0xa29e691143f3ce4113b8e0ce8e7b718b60830ea02ea8a9029b2fec5659ae85f4)
1783028949	b703670	3624680.000	21839665.210	2842	27488265	FAIL	 | CLASSICAL MISMATCH shot 0: got (0x8833cf5ef92bcb00186b4612c1724d2a2e34f12419e90d3b655df378136f3a7b,0x861f35fd950f3498a7f6887e60a64d620363426fbbda62b99c12930b22fee408) exp (0xb3d8fd481e0dc402df49d28800529f4fd8625fc1b7f6951f47cf3792e9d74528,0x41776261f85fe6b4935660c2e5e598028a8c0ed10dac0f62e11d079816b8663e)
1783029041	b703670	3624680.000	21815613.400	2709	27464207	OK	
1783029651	2d56c44	3624625.000	21830957.665	2709	27474317	FAIL	 | CLASSICAL MISMATCH shot 6534: got (0x5766516eb63590e947ce10e027d4317aa211321d421389667289cc36afe47bd,0x972e2fd7198b22d969d7585123537397d31c27bd982f88c4e757d8e6e0fc16a3) exp (0x22715ab5361e8d21076fbf990f03a015da71ce85240a39bf1ed985fcb19f5d4c,0xfb26f93421d0ceeb425881d14ee629aaf60a14ac13953fc36210475fab1afe3d)
1783029905	2d56c44	3063680.000	17751791.863	2310	22900249	OK	
1783030272	cd0ad96	3063680.000	17751791.863	2310	22900249	OK	
1783035945	e8471b5	2999552.000	17378418.151	2310	22394945	FAIL	 | CLASSICAL MISMATCH shot 4393: got (0xa5a0df8f4de60cd2d3bfaa1b25e7e26692de11ea3f7c6ff7805607ada06f8e73,0x94a5addccdc9a24dcf0e1d77f6f765c4ce2d9df70b8e98370cd4dd3084f20538) exp (0x34423c2c9ce20de5f1c791b5e9791406d64a1b8a91567e0e09281395d06bf442,0x94a5addccdc9a24dcf0e1d77f6f765c4ce2d9df70b8e98370cd4dd3084f20538)
1783036766	f117ea8	3063680.000	17673627.579	2310	22822081	FAIL	 | CLASSICAL MISMATCH shot 3827: got (0xb551758ad89c0dd6491d9d3a3ca72aba7a8c21b09940a0e9b5da2fb657bb90ac,0xb96fa26f9d04f379e00f10ce85264f7bbef147724354a719fed439c4c55b5463) exp (0xfc6e7b83b2f0ed79ac37e996575198ce4a32d8982f45ed2ff6b161eea4c3a9a8,0x121cb706d7266a7fa00f48abe4f3ef21cf021f87a582439f8d75fd47c4ad9738)
1783037012	f117ea8	3063680.000	17751791.863	2310	22900249	OK	
1783037948	f117ea8	3075872.000	17674678.438	2310	22859044	FAIL	 | CLASSICAL MISMATCH shot 1894: got (0x5c1173309ba029eda444943fcff8ae1ae44aacae6f74bfcc907b26b930515d24,0xd6daa363cd40807899470f64e87faca9b4c2a51f110fe23d48dfa80704e269f7) exp (0xd0faba26b2851f0bcd6146d97c2df1b624536cfa99180d1376cb99c3d0a9dac4,0xd6daa363cd40807899470f64e87faca9b4c2a51f110fe23d48dfa80704e269f7)
1783039460	f117ea8	3063680.000	17751791.863	2310	22900249	OK	initial test
1783041411	419ccf7	14227916.000	97807829.339	7321	123327185	FAIL	projective probe | CLASSICAL MISMATCH shot 2083: got (0xf2f6c73d289663367c5f523750a8221719ace4f17b7ee53a4d60778992336254,0xe1b43feaa7811610af8d6c5485285484d389aac1b2d6ba530aae86351b5211c2) exp (0x90957683d9bd3c7be95aacd330018a129943ba6f402837cf47359db994037ed7,0xe1b43feaa7811610af8d6c5485285484d389aac1b2d6ba530aae86351b5211c2)
1783042753	419ccf7	8475283.000	56774748.306	4505	71830027	FAIL	strategy c probe | PHASE GARBAGE: global_phase = 0x0008000000000000 across 64 live shots (must be 0)
1783043014	419ccf7	9782064.000	28184039.166	3078	41315909	FAIL	luohan eea probe | CLASSICAL MISMATCH shot 3055: got (0xbfd89e0c6474d52298674c19f84ca48686f842dd07fca419072d3d1ff8318caf,0x78809f9f6eda9e6d9171c6bf6ccd848ac749c449d4249d74352f0ce2810ebfc0) exp (0x3c018380446baa55139c84482042e31296f2c15d2e561a1deaee6ad34dc85e39,0x78809f9f6eda9e6d9171c6bf6ccd848ac749c449d4249d74352f0ce2810ebfc0)
1783043518	9afe489	3063680.000	17751791.863	2310	22900249	OK	clean verification run
1783363631	1f62f00	3063680.000	17751791.863	2310	22900249	OK	
1783373286	1f62f00	3063680.000	17751791.863	2310	22900249	OK	
1783374918	1f62f00	3063680.000	17751791.863	2310	22900249	OK	
1783379889	1f62f00	3063680.000	17751791.863	2310	22900249	OK	
1783380561	1f62f00	3056410.000	17778258.888	2310	22916813	FAIL	 | CLASSICAL MISMATCH shot 7725: got (0xda30a4ea10fcba86fb9de7b986fee9d99d8c4e89b9dc34f56b4910ae24344fa6,0x75ead0b67cc9be15c7849973ecb1c2571a4c376572847601bfbedf1faeccd4) exp (0xf1d2dc59964bb20c38ec1b853da7055f17546a977aee7016c51d058b7320c967,0x75ead0b67cc9be15c7849973ecb1c2571a4c376572847601bfbedf1faeccd4)
1783567046	1f62f00	3057422.000	17773708.459	2310	22912765	FAIL	initial test | CLASSICAL MISMATCH shot 1506: got (0xfbeb8234dd4eef4f27b499022aeb11cddf440d5e908edb2f25af4f4585e00673,0x620eb317ea7590fa4dd489071fe3fb500d83b31a322fbc1e2b4ff9bc51f29745) exp (0xea9c7d70afefc6247e74a791f4d4cb875e8bf444cacdf7031a407dcfdfb5095a,0xe9be4c1d126d599095be1ffc4b573ad6bd95934b85d32ef75beebeaef1d87c4f)
1783567223	1f62f00	3063680.000	17751791.863	2310	22900249	OK	restored cuccaro baseline
1783567278	1f62f00	2907868.000	16857317.942	2310	21687065	FAIL	tuning parameters from specification | CLASSICAL MISMATCH shot 1697: got (0xbaa47043189a4c0794097cf4f9be264440a162e02b430a11f2541f3cc85c484c,0x49c97fcbd206bae3892cbcf97e47d6f2a55319575dabaa93518c0dd0af79e7c4) exp (0x597733a99e0dfa4b18b37c4ec356e7b87fec56e5076d440eaed16a71bb822d87,0x49c97fcbd206bae3892cbcf97e47d6f2a55319575dabaa93518c0dd0af79e7c4)
1783567366	1f62f00	0.000	0.000	0	0	FAIL	optimizations implemented fromresultados.md | load: op 243743: kind=CCX and q_target==q_control2==q255
1783567962	1f62f00	2669440.000	16431607.593	2309	21023001	FAIL	fixed CCX conflict and tuned parameters | CLASSICAL MISMATCH shot 0: got (0x6f1e853945e747b8f4964568eaaf55156a1dbddd43ef5215b29a966a827a3617,0x38298588c3285090e157332f9ae45b415a74ccdc7c922577f89aaa380edd41d0) exp (0xe43a1c9bbd6dfbc0ce90182f296f9d128b997e52f363d774ed3ed6e9eb4e9e3,0xa216c0f09cf1acdd3ea16929bef355e99a72c8b197e630d6ce12344ca04dcd3a)
1783568077	1f62f00	2895352.000	16886680.883	2310	21704001	FAIL	safe dialog folding without cswap truncation | CLASSICAL MISMATCH shot 0: got (0x8780b6becb12e65691b2bfc28576255b18c5b81cd7b648e98f05b3d32b2ec720,0x80df0f2044cbf5e326e0943134b3d26e4c644702141b61df18a94167a50d7970) exp (0xd4ebf4f00bf2b57d0eefcd1a4d1243fb827bf9008aaf24acffd4d34f0a838c5c,0xca331a4c7565958c3bcae8c925cfdd372d33e19798bbea67e7f70bfac4ae03f8)
1783568180	1f62f00	2907868.000	16855398.754	2310	21685227	FAIL	testing without majfold | CLASSICAL MISMATCH shot 0: got (0x2fb82a1e7170de56fbf4a27cc54a93d47c222a8926c8b449b0de6b0c3b1d77c,0xf863d87a9a7632256f1e00f27b45d72478ebbcdc4d5d043fb9a58242bb5d54a1) exp (0x723f1b348827c06fd9fc98d26a248086555de5e166db305a4eaa1b149b84940b,0xa07ad28b1c4a5913c497d63d9311897f86de101cb94d7795134f6184ebe9072a)
1783568261	1f62f00	2669440.000	16243597.785	2309	20834999	FAIL	consistent truncation of CSWAP and Shift | CLASSICAL MISMATCH shot 2131: got (0x16b15ef75ae38332d9476348bfef30237b832c338b5d4f85989838ee46c5b0c1,0x6e6ce18a6deab6e06dfc5329258e9ec780141224285ddd86f146f6a7bc21ce64) exp (0x9da487e042d0cddea2fd5991d11a30a663faf929acef2f393e0f8c0b0a536f35,0x9d4f24faea39ffa41ff8e475c50600c6b4a6ef94002f1f804ddc84fbe901787a)
1783568381	1f62f00	2682600.000	16306682.047	2309	20920813	FAIL	margin=2 | CLASSICAL MISMATCH shot 186: got (0xef1d82078f2bdd8ce80de9dae3b356556c88f65e636b72d33db031a7e6caf6e6,0x703e05751a0208b385b4268ab6396154d25bac87a182d92670f3f17456f8ed08) exp (0xb191587923b296265d9864a190e0a3b1aefc2fa30df5fb2e107d6e0f85c286dc,0xaa860bb3d707d0114662950b034ba3a6377fa3d4331e56d172660a9899a57a5c)
1783568446	1f62f00	2689140.000	16338056.810	2309	20963463	FAIL	margin=3 | CLASSICAL MISMATCH shot 442: got (0x7ba8c7afffbe1f425cff0435259dbedf3f2cb97c4b0721c601bef08ad25902,0xacc651321280808ea85c7edc775d72ddffe92b306fa71abf4169fd78c0b4e69e) exp (0xbc35122a86ad065ee2ee0fc3bf1ad10b2ecce9f308c752ddff3b4544932e838c,0xacc651321280808ea85c7edc775d72ddffe92b306fa71abf4169fd78c0b4e69e)
1783568506	1f62f00	2721504.000	16493298.772	2309	21174563	FAIL	margin=8 | CLASSICAL MISMATCH shot 6921: got (0x1b7650bb2206f0e85a8639c82b482f81718f24fb12cf1bc1e9b7221978f18491,0xd81988b77895cd88a7a70668dc50fb9919bf6ba899b67b9d41f3c316492fe93e) exp (0x76bcec07f851a9e5964ac74946ced105ea5301583c1444d76cbbf1ca49fe369e,0xbe58e33151f852cc0e1a2921c349db54b3b7169405af1458da3661c76beacfb4)
1783568573	1f62f00	2746960.000	16615504.042	2309	21340659	FAIL	margin=12 | CLASSICAL MISMATCH shot 1229: got (0x1673b82e95d0f69007896015c691b62e9e0474d659390032f0b541d6c6f34447,0xc3838af17cf31f63777f5b0e30d3864715f53ca656816c914825da6773a16c82) exp (0xf391ea64715dd26cc5df4b94faa79a659e854459925408d2acf3bde55c81d81a,0xc3838af17cf31f63777f5b0e30d3864715f53ca656816c914825da6773a16c82)
1783568681	1f62f00	2868480.000	17200205.105	2309	22134271	FAIL	margin=32 | CLASSICAL MISMATCH shot 1613: got (0x4c4ad61cb134f77f519fc382db86edec307f3fddd78ca5bc120a619a7de15058,0x49a0033fba272fdc224e76fd8cf9c57293dcabaeeff7a0558c2c3ad71140bdb8) exp (0x42bfd880656385b35882ee30e0238336d90dc6b06dfadc3b6dbcdbfe0d09c306,0x49a0033fba272fdc224e76fd8cf9c57293dcabaeeff7a0558c2c3ad71140bdb8)
1783568931	1f62f00	2743696.000	16467999.934	2309	21133653	FAIL	conditional 256-iter truncation with margin=0 | CLASSICAL MISMATCH shot 179: got (0xd4cfb35dc7da932e12fafd5f43c61b1672afb08d09a6308bf451a561ddfb7b6f,0xce972d8210b19c8a7319df9e787cc372876c1dc8815ffc2518a05bcb85f1dbb1) exp (0x51fe58f08ddfe49eea4c2f8b5fe70aab6f86156400f28587f6239c6873f854ce,0xce972d8210b19c8a7319df9e787cc372876c1dc8815ffc2518a05bcb85f1dbb1)
1783568993	1f62f00	2831952.000	16917172.515	2309	21745429	FAIL	conditional 256-iter truncation with margin=16 | CLASSICAL MISMATCH shot 2911: got (0x2d5f87ef4e6dd277017d7a5cccac668a24819c2b3f8c5c95e8ad22b597f387de,0x2aa545d30f8c262d9e95cbb90ff690884e824ac6e62dbfca0645deb06ae2c805) exp (0xd57692bcc73b7f6224dfb4825bdf59588b10fe511320ceca225705a29b5f2d7f,0x2aa545d30f8c262d9e95cbb90ff690884e824ac6e62dbfca0645deb06ae2c805)
1783569057	1f62f00	2939132.000	17462576.304	2309	22486545	FAIL	default W-TRUNC parameters | CLASSICAL MISMATCH shot 327: got (0x59f73482ee08d87e34168f8e38ae7ea3c7285b2383e47476c75cbfcd59f23cc8,0xbdcee0f68679e98e0957721a0c8bf8a8256fde9d6716dac52e2c1bf1a18ccbde) exp (0xbe331dd4c7b32b5775b82685c6ecf1c1ade889f0fe85a2871a08172d176812cc,0xbdcee0f68679e98e0957721a0c8bf8a8256fde9d6716dac52e2c1bf1a18ccbde)
1783569169	1f62f00	2743696.000	16467999.934	2309	21133653	FAIL	fixed Step 4 transform mismatch with margin=0 | CLASSICAL MISMATCH shot 179: got (0xd4cfb35dc7da932e12fafd5f43c61b1672afb08d09a6308bf451a561ddfb7b6f,0xce972d8210b19c8a7319df9e787cc372876c1dc8815ffc2518a05bcb85f1dbb1) exp (0x51fe58f08ddfe49eea4c2f8b5fe70aab6f86156400f28587f6239c6873f854ce,0xce972d8210b19c8a7319df9e787cc372876c1dc8815ffc2518a05bcb85f1dbb1)
1783569556	1f62f00	2957249.000	17720172.900	2309	22809638	FAIL	completely unified conditional 256-iter truncation with margin=0 | CLASSICAL MISMATCH shot 0: got (0xd12bae2b60480fbd60c3dcfeddb3f60ff859bc4ad4e7a10c6ef824384248bf10,0xd91cfe911a31c191e43c173b89339bbc570baeda52e78bc448d0f2dbfe1e8c6c) exp (0x7841977d25116b82c893701205314ed3446c6598eef043b6d7c0a89de8637ff2,0xd91cfe911a31c191e43c173b89339bbc570baeda52e78bc448d0f2dbfe1e8c6c)
1783569696	1f62f00	2956737.000	17719166.402	2310	22808116	FAIL	fully corrected CSWAP merging and borrow threshold 257 | CLASSICAL MISMATCH shot 0: got (0xc70cb6215532466066f2c4eb8e817db3732c6ed247827db8886c89f8ebe9f3a6,0x294d667d9c4bb104194c916e067b1e51d65c6ed6584111e8e04f08b7868bff7b) exp (0xc8ed4ecc5d150c4ea708aebf21aa2b2ddf3f459de34812306e961b55b654c420,0x294d667d9c4bb104194c916e067b1e51d65c6ed6584111e8e04f08b7868bff7b)
1783569773	1f62f00	2928339.000	17662932.256	2310	22723490	FAIL	safe_iters=400 to resolve deferred CSWAP | CLASSICAL MISMATCH shot 0: got (0xed85f9a585c85007e1754f5522c8e87922bbe4fb4f4c4ec60bd1861f1a80db4c,0x5aa77fd309b7daeb1e5f12a1302c57636ea943090241ff8589b43abf1d4c2c5d) exp (0xdfd4e6d5a3f9287f6b97b43eb5fa1da82790a43507c632d5a4c163c251cac9d9,0x5aa77fd309b7daeb1e5f12a1302c57636ea943090241ff8589b43abf1d4c2c5d)
1783569843	1f62f00	3300507.000	19422726.197	2310	25082856	FAIL	checking dialog fold correctness | CLASSICAL MISMATCH shot 0: got (0xc10c5a2425b356034d492dd55217cf583f17517068319bfde75e47f56a6b1125,0xb4108588a84213ad1db4e023f544c8b027a01094f125568f232ccff302ce3a23) exp (0xd185975078cbdac103c1026ccc90dae92e4c074a97c6a81644f2b263cc4de200,0xb4108588a84213ad1db4e023f544c8b027a01094f125568f232ccff302ce3a23)
1783570005	1f62f00	3300507.000	19422726.197	2310	25082856	FAIL	verifying underflow fix with no W-TRUNC | CLASSICAL MISMATCH shot 0: got (0xc10c5a2425b356034d492dd55217cf583f17517068319bfde75e47f56a6b1125,0xb4108588a84213ad1db4e023f544c8b027a01094f125568f232ccff302ce3a23) exp (0xd185975078cbdac103c1026ccc90dae92e4c074a97c6a81644f2b263cc4de200,0xb4108588a84213ad1db4e023f544c8b027a01094f125568f232ccff302ce3a23)
1783570204	1f62f00	3300507.000	19422726.197	2310	25082856	FAIL	checking clean baseline with our walk.rs | CLASSICAL MISMATCH shot 0: got (0xc10c5a2425b356034d492dd55217cf583f17517068319bfde75e47f56a6b1125,0xb4108588a84213ad1db4e023f544c8b027a01094f125568f232ccff302ce3a23) exp (0xd185975078cbdac103c1026ccc90dae92e4c074a97c6a81644f2b263cc4de200,0xb4108588a84213ad1db4e023f544c8b027a01094f125568f232ccff302ce3a23)
1783570352	1f62f00	3069058.000	18090411.047	2310	23472619	FAIL	checking clean baseline after bulk Step 4 restore | CLASSICAL MISMATCH shot 0: got (0xca77abe0407f2d64abb07df4247c1ad4b6d81a13af0f7286fe81a75fd1d62fb4,0xfc686c5f60125f45dda3532f28a6b8f793c99793d165c198a54d69e19e8e7421) exp (0xa0f5af1030b47eb6282f4872ffea1fdb0f65303d33825575722a6cd713504b9f,0xfc686c5f60125f45dda3532f28a6b8f793c99793d165c198a54d69e19e8e7421)
1783570436	1f62f00	3081574.000	18059140.606	2310	23453845	FAIL	checking majfold correctness | CLASSICAL MISMATCH shot 0: got (0x3141b5e6fb2b0eeabcf0dd533340f1efbac9a8bb54debbe1b2055c41da408a40,0x18b59ec0629106c4e96d67660750864c87d2925d7f390c93adf922dfc6273e7a) exp (0x6e17cb35e7e8e51a86609423d90ca074f64b52d7b0da7d7c08cffa9246a947e9,0x18b59ec0629106c4e96d67660750864c87d2925d7f390c93adf922dfc6273e7a)
1783570558	1f62f00	3300507.000	19422726.197	2310	25082856	FAIL	verifying baseline after correct Step 4 bulk backward restore | CLASSICAL MISMATCH shot 0: got (0xc10c5a2425b356034d492dd55217cf583f17517068319bfde75e47f56a6b1125,0xb4108588a84213ad1db4e023f544c8b027a01094f125568f232ccff302ce3a23) exp (0xd185975078cbdac103c1026ccc90dae92e4c074a97c6a81644f2b263cc4de200,0xb4108588a84213ad1db4e023f544c8b027a01094f125568f232ccff302ce3a23)
1783570680	1f62f00	3345764.000	19545905.265	2310	25283907	FAIL	checking correctness with corrected transform_width | CLASSICAL MISMATCH shot 5642: got (0xd57d0cd449ed2b92085c48e82552eb86a04896010ace87f085e77822a6c7c940,0xaaf4b14575d5afeba18a4c861b7e2097cb4a72272f25b426f44b7db020de736e) exp (0x93c6c90b3722aa6452610eef05927aee7ec4667eae3c67bd8a114b4b8fe313d8,0xaaf4b14575d5afeba18a4c861b7e2097cb4a72272f25b426f44b7db020de736e)
1783570793	1f62f00	3345764.000	19545905.265	2310	25283907	FAIL	 | CLASSICAL MISMATCH shot 5642: got (0xd57d0cd449ed2b92085c48e82552eb86a04896010ace87f085e77822a6c7c940,0xaaf4b14575d5afeba18a4c861b7e2097cb4a72272f25b426f44b7db020de736e) exp (0x93c6c90b3722aa6452610eef05927aee7ec4667eae3c67bd8a114b4b8fe313d8,0xaaf4b14575d5afeba18a4c861b7e2097cb4a72272f25b426f44b7db020de736e)
1783570987	1f62f00	3345764.000	19545905.265	2310	25283907	FAIL	 | CLASSICAL MISMATCH shot 5642: got (0xd57d0cd449ed2b92085c48e82552eb86a04896010ace87f085e77822a6c7c940,0xaaf4b14575d5afeba18a4c861b7e2097cb4a72272f25b426f44b7db020de736e) exp (0x93c6c90b3722aa6452610eef05927aee7ec4667eae3c67bd8a114b4b8fe313d8,0xaaf4b14575d5afeba18a4c861b7e2097cb4a72272f25b426f44b7db020de736e)
1783571885	1f62f00	3118287.000	18182892.846	2310	23504683	FAIL	 | CLASSICAL MISMATCH shot 56: got (0x7067a204a9d6f4ca94bb26ee02b961a4df680e7549d3a2b3033da146936e85a,0x1cfcef563b481b33ec5bfece1eff25f4f61427f021d7524c40c197836337ec97) exp (0x7579ec168ebdb365150540360541ebca28fa56b6bf34c46b4e8104d29a723283,0xc052d0f7f2affce2f6fb4b030a8551ef8fb0f136e095ddaadfe96bafddf0d297)
1783572366	1f62f00	3051164.000	17783079.287	2310	22919023	FAIL	 | PHASE GARBAGE: global_phase = 0x0000001000000000 across 64 live shots (must be 0)
1783572584	1f62f00	3055007.000	17764589.781	2310	22878160	FAIL	 | CLASSICAL MISMATCH shot 0: got (0xd247a1b1448c00dddcca3d681b4dc7b1b216dc017fb8773747320a42d9c0c0ac,0x4ee21711b3d1261fd124f71d467472b1426b3c2dcea1ac676f8d86f0389b52de) exp (0x52212eed76e9ccb33b082815a0bd4fa67cebf6eb2b885c7491b9f02ebcc63a7c,0x4ee21711b3d1261fd124f71d467472b1426b3c2dcea1ac676f8d86f0389b52de)
1783572952	1f62f00	3063680.000	17751791.863	2310	22900249	OK	
1783573065	1f62f00	3058496.000	17764763.687	2310	22908025	FAIL	 | CLASSICAL MISMATCH shot 6988: got (0xd76a463c9460d3a1bfab8ce825dadec0086e508c97e0994708bab4dad099c56e,0x8de6c1352e59f6b154509c0f759306a5646a0ebfaab6cd29b185d3f2629b005f) exp (0xb92102d8708f376d7ff00d35f0d90e89b5bd6c8cec80a4f9e7261d8d71e03b30,0x8de6c1352e59f6b154509c0f759306a5646a0ebfaab6cd29b185d3f2629b005f)
1783573134	1f62f00	3056348.000	17770128.058	2310	22911247	FAIL	 | CLASSICAL MISMATCH shot 2936: got (0x4469325fb2397d0a9f8bebc77d6932e731925f006765ac5663ce1cff4a7df7de,0xde58cf950497b132186a2aae37ff6b2c0690e48a676e9bd19085bc3faa755708) exp (0xfbb67b4909d154eb5d4aeded77c120db2db4de9e2437426d49c45c3addcd8815,0xb70491dd016674251f842fc09eb6423a5e0a636411990cc8fbc03a4ef2334e16)
1783693582	1f62f00	2907868.000	16857304.541	2310	21687141	FAIL	 | CLASSICAL MISMATCH shot 3725: got (0x76514f2dbdbb8c1c027eda179e67dbbbbd03211168f8e96b2e04355ab7c04b69,0xb7c3954ced426da5dfad6f8bce8442fa8e65e362e4799cc9cf38ff9785ed1a76) exp (0xc252edb074eeb4d3e6ef8b6fc3aa21c93e6a001ca3a5efa946292cc835dcfcc7,0x8631a87c315b8601410f48d6f2c6622cfdcce2f296851677bf8da39cb6dc803c)
1783693647	1f62f00	3043420.000	17641280.044	2310	22750285	FAIL	 | CLASSICAL MISMATCH shot 251: got (0xfff62733f266d3c33379779a8d2e60b41bba417fb789a31b9cb6806f7534f041,0x4c6acd6c03fe05ea3f780a982382527064441d28d5c43db3f4662b36bc086fe1) exp (0x5679241acbcd54f1f18c4ecc837bf3aba1088b4a5365052254f60db4c60117d5,0x491d5c94c984bd5b7fe9b0bc66aa62d656dd8f134af17596e55e187bb92195b4)
1783693730	1f62f00	3032192.000	17568060.757	2310	22651745	FAIL	 | CLASSICAL MISMATCH shot 8785: got (0x3c5929f257c17d6e09b32ac71a0a24373d5ba86f7b082eb306b09dfcf1afa4c5,0xaae2d74c4ccc2cfd34362dccb77e1cc8f90f726f4bba1c902d2ee9754fbbcc88) exp (0xe2e39c14e64bb8a57541525c3b48306a575265c0bd666eb6f289963a5a5d876b,0xf278d255ac6e15bfcd00a09d0e166112e024874af7d85ae31099be6acff9cf79)
1783693794	1f62f00	3063680.000	17751791.863	2310	22900249	OK	final baseline with disabled majfold to resolve mismatches
1783693941	1f62f00	3063680.000	17751791.863	2310	22900249	OK	verified clean baseline with disabled majfold by default in code
1783694055	1f62f00	3063680.000	17751791.863	2310	22900249	OK	final baseline with disabled majfold in codebase and clean ccx
1783707128	9188623	3043316.000	17638062.782	2310	22741745	OK	
1783707196	9188623	2847980.000	16292034.026	2310	20916173	FAIL	 | PHASE GARBAGE: global_phase = 0x0020000000000000 across 64 live shots (must be 0)
1783707972	9188623	3152698.000	18075373.369	2310	23383421	FAIL	 | CLASSICAL MISMATCH shot 3370: got (0xa774d1efae8d9e4ba776f14edd0578178d75bf55998b39ac946ad84c4cc6b048,0x1d2f56d1512f21d84d49f3a9bd22e8f3f00bbe63294686b985cb2e724cbdc2ea) exp (0xa74ead018cdd7978981a1c9ec8aa8fb0d66f29c564ea46dbc5d7ce280e2734c4,0x648be8c753b67e850198cb8afa2db4b8ea45dd21c2e8f56c2ec25d97f1280e05)
1783708640	0688cb2	3152698.000	17997414.243	2232	23305451	FAIL	 | CLASSICAL MISMATCH shot 1842: got (0x522b94d9c9748ef180bb922e5dc6cff3a3db5de2762b6eb1875c2a77601e285d,0xbc7e29e7bf90b15a2943697cc296ffa0817b62edce9731dcc55547953efa87cf) exp (0xb476a01f86379d01a4828cd597369498da7ba7d21f9a274947d9e25c63250544,0x1e763f2bee5967eceb7ba85a91097e25c8ec0c687449796a5dc0ac67848ffe95)
1783711540	0688cb2	3017530.000	17215416.693	2221	22245075	FAIL	 | CLASSICAL MISMATCH shot 386: got (0x17d6dc2a27ca76c92c51fd3d9ba8ea47f940a9078cf0702dd89c125f753705f9,0x9edb44462e8ee7635babd13ebed9b94e201e7ba4e317bf58a1c0eb360d39547b) exp (0xbcc1fd6f67ba3fb6f3a3afd497b74fc3c88cedb54eab03182b4e5c25bda0e161,0x409f84bc70617b5b73956fcc2a21e640f4b86a20cb56a9275db3db9b732b2283)
1783712025	0688cb2	2552687.000	15182951.719	2006	19322363	OK	
